"Pergunta","Resposta Modelo A","Resposta Modelo B","Resposta Combinada"
"Como melhorar minha memória?","Pratique exercícios de recordação regularmente.","Durma bem para consolidar informações.","Pratique exercícios de recordação e durma bem para melhorar sua memória."
"Como organizar meu dia?","Faça uma lista de tarefas prioritárias.","Reserve horários fixos para cada atividade.","Faça uma lista de tarefas prioritárias e reserve horários fixos para organizá-las."
"Como aprender a programar?","Estude algoritmos básicos primeiro.","Pratique escrevendo código simples.","Estude algoritmos básicos e pratique escrevendo código simples para aprender a programar."
"Como ser mais produtivo?","Elimine distrações do ambiente.","Use a técnica Pomodoro para focar.","Elimine distrações e use a técnica Pomodoro para ser mais produtivo."
"Como reduzir o estresse?","Medite por 10 minutos diários.","Faça pausas regulares durante o dia.","Medite por 10 minutos e faça pausas regulares para reduzir o estresse."
"Como melhorar minha escrita?","Leia mais livros de qualidade.","Escreva diariamente para praticar.","Leia livros de qualidade e escreva diariamente para melhorar sua escrita."
"Como economizar dinheiro?","Crie um orçamento mensal.","Evite compras por impulso.","Crie um orçamento mensal e evite compras por impulso para economizar dinheiro."
"Como ficar mais focado?","Desligue notificações do celular.","Trabalhe em blocos de tempo curtos.","Desligue notificações e trabalhe em blocos curtos para ficar mais focado."
"Como aprender inglês rápido?","Pratique conversação com nativos.","Estude vocabulário essencial diariamente.","Pratique conversação com nativos e estude vocabulário essencial para aprender inglês rápido."
"Como fazer apresentações melhores?","Prepare slides claros e simples.","Treine o discurso antes.","Prepare slides claros e treine o discurso para fazer apresentações melhores."
"Como aumentar minha energia?","Coma alimentos ricos em nutrientes.","Exercite-se regularmente.","Coma alimentos nutritivos e exercite-se regularmente para aumentar sua energia."
"Como gerenciar meu tempo?","Planeje o dia na noite anterior.","Priorize tarefas mais importantes.","Planeje o dia antes e priorize tarefas importantes para gerenciar seu tempo."
"Como melhorar minha leitura?","Leia em voz alta para reter mais.","Aumente a velocidade gradualmente.","Leia em voz alta e aumente a velocidade para melhorar sua leitura."
"Como ser mais criativo?","Experimente coisas novas regularmente.","Anote todas as suas ideias.","Experimente coisas novas e anote ideias para ser mais criativo."
"Como estudar melhor?","Use mapas mentais para organizar.","Revise o conteúdo semanalmente.","Use mapas mentais e revise semanalmente para estudar melhor."
"Como lidar com a ansiedade?","Pratique respiração profunda.","Evite cafeína em excesso.","Pratique respiração profunda e evite cafeína para lidar com a ansiedade."
"Como melhorar minha postura?","Sente-se com a coluna reta.","Faça alongamentos diários.","Sente-se com a coluna reta e faça alongamentos para melhorar sua postura."
"Como aprender matemática?","Resolva exercícios práticos.","Revise fórmulas básicas.","Resolva exercícios e revise fórmulas básicas para aprender matemática."
"Como ser mais disciplinado?","Crie rotinas fixas.","Defina metas pequenas.","Crie rotinas fixas e defina metas pequenas para ser mais disciplinado."
"Como melhorar minha concentração?","Trabalhe em um ambiente silencioso.","Faça pausas curtas regulares.","Trabalhe em silêncio e faça pausas curtas para melhorar sua concentração."
"Como cozinhar melhor?","Siga receitas simples no início.","Pratique técnicas básicas.","Siga receitas simples e pratique técnicas básicas para cozinhar melhor."
"Como planejar uma viagem?","Liste os destinos prioritários.","Reserve passagens com antecedência.","Liste destinos prioritários e reserve passagens com antecedência para planejar uma viagem."
"Como melhorar meu sono?","Evite telas antes de dormir.","Mantenha um horário fixo.","Evite telas e mantenha um horário fixo para melhorar seu sono."
"Como ser mais organizado?","Guarde itens no lugar certo.","Planeje tarefas semanalmente.","Guarde itens no lugar e planeje tarefas semanalmente para ser mais organizado."
"Como aprender a desenhar?","Pratique traços básicos diariamente.","Estude proporções e perspectivas.","Pratique traços básicos e estude proporções para aprender a desenhar."
"Como aumentar minha confiança?","Liste suas conquistas pessoais.","Fale em público regularmente.","Liste conquistas e fale em público para aumentar sua confiança."
"Como lidar com prazos?","Divida tarefas em etapas.","Comece cedo para evitar atrasos.","Divida tarefas em etapas e comece cedo para lidar com prazos."
"Como melhorar minha saúde?","Beba mais água diariamente.","Caminhe pelo menos 30 minutos.","Beba mais água e caminhe 30 minutos para melhorar sua saúde."
"Como ser mais paciente?","Respire fundo em momentos tensos.","Pratique aceitar o que não controla.","Respire fundo e aceite o incontrolável para ser mais paciente."
"Como aprender história?","Leia livros sobre eventos principais.","Assista documentários históricos.","Leia livros e assista documentários para aprender história."
"Como melhorar minha comunicação?","Fale claramente e pausadamente.","Ouça ativamente os outros.","Fale claramente e ouça ativamente para melhorar sua comunicação."
"Como ser mais proativo?","Tome iniciativa em pequenas coisas.","Planeje ações com antecedência.","Tome iniciativa e planeje ações para ser mais proativo."
"Como reduzir despesas?","Cozinhe em casa mais vezes.","Pesquise preços antes de comprar.","Cozinhe em casa e pesquise preços para reduzir despesas."
"Como aprender música?","Pratique escalas básicas.","Ouça diferentes estilos musicais.","Pratique escalas e ouça estilos variados para aprender música."
"Como melhorar meu networking?","Participe de eventos da área.","Seja genuíno nas conversas.","Participe de eventos e seja genuíno para melhorar seu networking."
"Como ser mais resiliente?","Encare falhas como aprendizado.","Mantenha uma rotina estável.","Encare falhas como aprendizado e mantenha uma rotina para ser mais resiliente."
"Como lidar com críticas?","Ouça sem reagir imediatamente.","Reflita sobre o que é útil.","Ouça sem reagir e reflita sobre críticas para lidar melhor com elas."
"Como melhorar minha criatividade?","Faça brainstorming regularmente.","Explore diferentes formas de arte.","Faça brainstorming e explore artes para melhorar sua criatividade."
"Como aprender idiomas?","Pratique frases comuns diariamente.","Use aplicativos de aprendizado.","Pratique frases comuns e use aplicativos para aprender idiomas."
"Como ser mais assertivo?","Expresse suas opiniões claramente.","Respeite os limites dos outros.","Expresse opiniões claramente e respeite limites para ser mais assertivo."
"Como melhorar minha liderança?","Dê exemplo com suas ações.","Ouça sua equipe atentamente.","Dê exemplo e ouça sua equipe para melhorar sua liderança."
"Como lidar com conflitos?","Mantenha a calma na discussão.","Busque soluções em conjunto.","Mantenha a calma e busque soluções para lidar com conflitos."
"Como ser mais saudável?","Evite alimentos processados.","Pratique exercícios leves diários.","Evite processados e pratique exercícios leves para ser mais saudável."
"Como melhorar minha memória de curto prazo?","Repita informações importantes.","Use associações simples.","Repita informações e use associações para melhorar sua memória de curto prazo."
"Como aprender a meditar?","Comece com 5 minutos diários.","Foquem respirar lentamente.","Comece com 5 minutos e foque na respiração para aprender a meditar."
"Como ser mais grato?","Escreva 3 coisas boas diariamente.","Agradeça pessoas ao seu redor.","Escreva coisas boas e agradeça pessoas para ser mais grato."
"Como melhorar minha tomada de decisão?","Liste prós e contras.","Confie na sua intuição.","Liste prós e contras e confie na intuição para melhorar suas decisões."
"Como lidar com a procrastinação?","Divida tarefas em partes pequenas.","Comece com algo simples.","Divida tarefas e comece com algo simples para lidar com a procrastinação."
"Como ser mais eficiente?","Automatize tarefas repetitivas.","Foque em uma coisa por vez.","Automatize tarefas e foque em uma coisa para ser mais eficiente."
"Como melhorar minha fotografia?","Estude luz e composição.","Pratique tirar fotos diariamente.","Estude luz e pratique diariamente para melhorar sua fotografia."
"Como aprender a negociar?","Prepare argumentos sólidos.","Ouça as necessidades do outro.","Prepare argumentos e ouça o outro para aprender a negociar."
"Como ser mais empático?","Coloque-se no lugar dos outros.","Faça perguntas para entender.","Coloque-se no lugar dos outros e faça perguntas para ser mais empático."
"Como melhorar minha organização pessoal?","Use uma agenda simples.","Descarte o que não usa.","Use uma agenda e descarte o desnecessário para melhorar sua organização."
"Como lidar com mudanças?","Planeje o que pode controlar.","Aceite o inesperado calmamente.","Planeje o controlável e aceite o inesperado para lidar com mudanças."
"Como ser mais confiante ao falar?","Prepare o que vai dizer.","Fale devagar e claro.","Prepare-se e fale devagar para ser mais confiante ao falar."
"Como melhorar minha autodisciplina?","Crie hábitos pequenos diários.","Evite tentações desnecessárias.","Crie hábitos pequenos e evite tentações para melhorar sua autodisciplina."
"Como aprender mais rápido?","Faça resumos do conteúdo.","Pratique o que aprendeu.","Faça resumos e pratique o aprendido para aprender mais rápido."
"Como ser mais pontual?","Planeje sair 15 minutos antes.","Evite compromissos de última hora.","Planeje sair antes e evite imprevistos para ser mais pontual."
"Como melhorar minha saúde mental?","Pratique hobbies relaxantes.","Converse com alguém de confiança.","Pratique hobbies e converse com alguém para melhorar sua saúde mental."
"Como lidar com a pressão?","Divida o problema em partes.","Respire fundo para se acalmar.","Divida o problema e respire fundo para lidar com a pressão."
"Como ser mais consistente?","Mantenha uma rotina fixa.","Acompanhe seu progresso.","Mantenha uma rotina e acompanhe o progresso para ser mais consistente."
"Como melhorar minha atenção aos detalhes?","Revise tudo com calma.","Anote pontos importantes.","Revise com calma e anote pontos para melhorar sua atenção aos detalhes."
"Como aprender a investir?","Estude conceitos básicos.","Comece com valores pequenos.","Estude conceitos básicos e comece pequeno para aprender a investir."
"Como ser mais adaptável?","Aceite mudanças como aprendizado.","Teste novas abordagens.","Aceite mudanças e teste abordagens para ser mais adaptável."
"Como melhorar minha escuta?","Evite interromper os outros.","Repita o que entendeu.","Evite interromper e repita o entendido para melhorar sua escuta."
"Como lidar com o fracasso?","Analise o que deu errado.","Tente novamente com ajustes.","Analise o erro e tente novamente para lidar com o fracasso."
"Como ser mais motivado?","Defina metas alcançáveis.","Celebre pequenas vitórias.","Defina metas alcançáveis e celebre vitórias para ser mais motivado."
"Como melhorar minha criatividade escrita?","Escreva sem editar inicialmente.","Leia autores variados.","Escreva sem editar e leia autores variados para melhorar sua criatividade."
"Como aprender a tocar violão?","Pratique acordes básicos.","Toque músicas simples.","Pratique acordes e toque músicas simples para aprender violão."
"Como ser mais resiliente emocionalmente?","Reflita sobre suas emoções.","Busque apoio quando necessário.","Reflita sobre emoções e busque apoio para ser mais resiliente."
"Como melhorar minha gestão financeira?","Acompanhe todos os gastos.","Guarde uma reserva mensal.","Acompanhe gastos e guarde uma reserva para melhorar sua gestão financeira."
"Como lidar com a incerteza?","Foque no que pode planejar.","Aceite o imprevisível calmamente.","Foque no planejável e aceite o imprevisível para lidar com a incerteza."
"Como ser mais carismático?","Sorria mais nas conversas.","Mostre interesse genuíno.","Sorria mais e mostre interesse para ser mais carismático."
"Como melhorar minha memória visual?","Associe imagens a ideias.","Pratique jogos de memória.","Associe imagens e pratique jogos para melhorar sua memória visual."
"Como aprender a cozinhar rápido?","Escolha receitas simples.","Prepare ingredientes antes.","Escolha receitas simples e prepare ingredientes para cozinhar rápido."
"Como ser mais estratégico?","Pense nas consequências futuras.","Planeje passos com antecedência.","Pense nas consequências e planeje passos para ser mais estratégico."
"Como melhorar minha dicção?","Fale devagar e articule.","Pratique trava-línguas.","Fale devagar e pratique trava-línguas para melhorar sua dicção."
"Como lidar com a raiva?","Respire fundo antes de reagir.","Expresse-se calmamente depois.","Respire fundo e expresse-se calmo para lidar com a raiva."
"Como ser mais versátil?","Aprenda algo novo regularmente.","Adapte-se a diferentes tarefas.","Aprenda algo novo e adapte-se para ser mais versátil."
"Como melhorar minha aprendizagem visual?","Use gráficos e diagramas.","Associe cores a conceitos.","Use gráficos e associe cores para melhorar sua aprendizagem visual."
"Como aprender a dançar?","Pratique passos básicos.","Siga o ritmo da música.","Pratique passos básicos e siga o ritmo para aprender a dançar."
"Como ser mais humilde?","Reconheça suas limitações.","Elogie os outros sinceramente.","Reconheça limitações e elogie outros para ser mais humilde."
"Como melhorar minha resistência física?","Treine regularmente com moderação.","Aumente a intensidade aos poucos.","Treine regularmente e aumente a intensidade para melhorar sua resistência."
"Como lidar com o tédio?","Experimente um hobby novo.","Planeje algo interessante.","Experimente um hobby e planeje algo interessante para lidar com o tédio."
"Como ser mais curioso?","Faça perguntas sobre tudo.","Pesquise temas desconhecidos.","Faça perguntas e pesquise o desconhecido para ser mais curioso."
"Como melhorar minha memória auditiva?","Repita o que ouviu.","Grave e ouça novamente.","Repita o ouvido e grave para melhorar sua memória auditiva."
"Como aprender a pintar?","Pratique pinceladas básicas.","Estude mistura de cores.","Pratique pinceladas e estude cores para aprender a pintar."
"Como ser mais ético?","Reflita sobre suas escolhas.","Priorize o bem comum.","Reflita sobre escolhas e priorize o bem comum para ser mais ético."
"Como melhorar minha agilidade mental?","Resolva quebra-cabeças diários.","Leia textos desafiadores.","Resolva quebra-cabeças e leia textos desafiadores para melhorar sua agilidade mental."
"Como lidar com a culpa?","Reconheça o erro honestamente.","Tome ações para reparar.","Reconheça o erro e repare para lidar com a culpa."
"Como ser mais sociável?","Inicie conversas simples.","Participe de grupos locais.","Inicie conversas e participe de grupos para ser mais sociável."
"Como melhorar minha coordenação motora?","Pratique movimentos repetitivos.","Jogue jogos de habilidade.","Pratique movimentos e jogue para melhorar sua coordenação motora."
"Como aprender a fotografar paisagens?","Estude enquadramento básico.","Ajuste a luz natural.","Estude enquadramento e ajuste a luz para fotografar paisagens."
"Como ser mais tolerante?","Ouça opiniões contrárias.","Respeite diferenças culturais.","Ouça opiniões contrárias e respeite diferenças para ser mais tolerante."
"Como melhorar minha resistência mental?","Enfrente desafios pequenos.","Mantenha o foco no objetivo.","Enfrente desafios e foque no objetivo para melhorar sua resistência mental."
"Como lidar com a solidão?","Conecte-se com amigos online.","Pratique um hobby social.","Conecte-se online e pratique hobbies sociais para lidar com a solidão."
"Como ser mais autêntico?","Expresse suas opiniões verdadeiras.","Evite imitar os outros.","Expresse opiniões verdadeiras e evite imitar para ser mais autêntico."
"Como melhorar minha análise crítica?","Questione informações recebidas.","Compare diferentes fontes.","Questione informações e compare fontes para melhorar sua análise crítica."
"Como aprender a costurar?","Pratique pontos básicos.","Siga moldes simples.","Pratique pontos e siga moldes para aprender a costurar."
"Como ser mais grato pela vida?","Reflita sobre coisas boas.","Agradeça diariamente.","Reflita sobre o bom e agradeça diariamente para ser mais grato."
Okay, here are 100 more examples following the pattern you provided:

"Pergunta","Resposta Modelo A","Resposta Modelo B","Resposta Combinada"
"Como melhorar a digestão?","Coma devagar e mastigue bem.","Inclua fibras na dieta.","Coma devagar, mastigue bem e inclua fibras na dieta para melhorar a digestão."
"Como aprender a tocar teclado?","Pratique escalas e acordes.","Aprenda a ler partituras simples.","Pratique escalas e acordes e aprenda a ler partituras simples para tocar teclado."
"Como ser mais gentil?","Ofereça ajuda sem esperar nada.","Use palavras amáveis sempre.","Ofereça ajuda e use palavras amáveis para ser mais gentil."
"Como melhorar meu vocabulário?","Leia diversos tipos de texto.","Anote palavras novas e use-as.","Leia textos diversos e anote palavras novas para melhorar seu vocabulário."
"Como lidar com a frustração?","Aceite que nem tudo sai como planejado.","Foque no que pode aprender com a situação.","Aceite o imprevisto e foque no aprendizado para lidar com a frustração."
"Como ser mais organizado no trabalho?","Mantenha a mesa limpa e arrumada.","Use um sistema de arquivamento digital.","Mantenha a mesa limpa e use um sistema de arquivamento para ser mais organizado no trabalho."
"Como aprender a meditar mindfulness?","Preste atenção na sua respiração.","Observe seus pensamentos sem julgar.","Preste atenção na respiração e observe pensamentos sem julgar para meditar mindfulness."
"Como melhorar minha caligrafia?","Pratique exercícios de traçado.","Use canetas confortáveis.","Pratique exercícios de traçado e use canetas confortáveis para melhorar sua caligrafia."
"Como ser mais independente?","Tome suas próprias decisões.","Aprenda a resolver problemas sozinho.","Tome suas decisões e aprenda a resolver problemas para ser mais independente."
"Como lidar com o medo de falar em público?","Prepare-se bem sobre o tema.","Pratique em frente ao espelho.","Prepare-se bem e pratique em frente ao espelho para lidar com o medo de falar em público."
"Como melhorar minhas habilidades sociais?","Mostre interesse genuíno nos outros.","Pratique iniciar conversas.","Mostre interesse genuíno e pratique iniciar conversas para melhorar suas habilidades sociais."
"Como aprender jardinagem básica?","Comece com plantas fáceis de cuidar.","Estude as necessidades de água e luz.","Comece com plantas fáceis e estude suas necessidades para aprender jardinagem."
"Como ser mais otimista?","Foque nos aspectos positivos das situações.","Cerque-se de pessoas positivas.","Foque nos aspectos positivos e cerque-se de pessoas positivas para ser mais otimista."
"Como melhorar minha memória de longo prazo?","Revise informações periodicamente.","Crie conexões entre novos e velhos conhecimentos.","Revise informações e crie conexões para melhorar sua memória de longo prazo."
"Como lidar com a rejeição?","Entenda que não é pessoal.","Use como oportunidade de crescimento.","Entenda que não é pessoal e use como oportunidade para lidar com a rejeição."
"Como ser mais focado nos estudos?","Crie um cronograma de estudos.","Estude em um local sem distrações.","Crie um cronograma e estude em local sem distrações para ser mais focado."
"Como aprender a fazer pão caseiro?","Siga uma receita básica fielmente.","Entenda a importância da sova.","Siga uma receita básica e entenda a sova para aprender a fazer pão caseiro."
"Como melhorar minha inteligência emocional?","Reconheça suas próprias emoções.","Tente entender as emoções dos outros.","Reconheça suas emoções e tente entender as dos outros para melhorar sua inteligência emocional."
"Como ser mais presente no momento?","Desconecte-se de eletrônicos.","Preste atenção aos seus sentidos.","Desconecte-se de eletrônicos e preste atenção aos sentidos para ser mais presente."
"Como lidar com a timidez?","Comece interagindo em grupos pequenos.","Defina pequenas metas sociais.","Comece em grupos pequenos e defina metas sociais para lidar com a timidez."
"Como melhorar minha capacidade de resolver problemas?","Divida problemas grandes em partes menores.","Pense em múltiplas soluções possíveis.","Divida problemas e pense em múltiplas soluções para melhorar sua capacidade."
"Como aprender a editar vídeos?","Use um software de edição simples.","Assista tutoriais online.","Use um software simples e assista tutoriais para aprender a editar vídeos."
"Como ser mais produtivo em casa?","Defina um espaço de trabalho dedicado.","Mantenha horários regulares.","Defina um espaço de trabalho e mantenha horários para ser mais produtivo em casa."
"Como melhorar minha flexibilidade?","Faça alongamentos diariamente.","Pratique ioga ou pilates.","Faça alongamentos diários e pratique ioga ou pilates para melhorar sua flexibilidade."
"Como lidar com a inveja?","Concentre-se em suas próprias conquistas.","Pratique a gratidão pelo que tem.","Concentre-se em suas conquistas e pratique a gratidão para lidar com a inveja."
"Como ser mais persuasivo?","Apresente argumentos lógicos.","Entenda a perspectiva da outra pessoa.","Apresente argumentos lógicos e entenda a outra perspectiva para ser mais persuasivo."
"Como aprender a desenhar retratos?","Estude a anatomia facial básica.","Pratique desenhar olhos, nariz e boca.","Estude anatomia facial e pratique partes do rosto para desenhar retratos."
"Como melhorar minha administração do tempo?","Use uma ferramenta de calendário.","Aprenda a dizer não a tarefas não essenciais.","Use um calendário e aprenda a dizer não para melhorar sua administração do tempo."
"Como ser mais corajoso?","Enfrente pequenos medos gradualmente.","Visualize-se agindo com coragem.","Enfrente medos gradualmente e visualize-se corajoso para ser mais corajoso."
"Como lidar com a decepção?","Permita-se sentir a emoção.","Reajuste suas expectativas.","Permita-se sentir e reajuste suas expectativas para lidar com a decepção."
"Como melhorar minha escrita acadêmica?","Use linguagem formal e precisa.","Cite suas fontes corretamente.","Use linguagem formal e cite fontes corretamente para melhorar sua escrita acadêmica."
"Como aprender a programar em Python?","Entenda a sintaxe básica.","Faça pequenos projetos práticos.","Entenda a sintaxe básica e faça projetos práticos para aprender Python."
"Como ser mais engajado no trabalho?","Procure entender o propósito da sua função.","Colabore com seus colegas.","Entenda seu propósito e colabore com colegas para ser mais engajado."
"Como melhorar minha saúde cardiovascular?","Faça exercícios aeróbicos regularmente.","Mantenha uma dieta baixa em gordura saturada.","Faça exercícios aeróbicos e mantenha dieta saudável para melhorar a saúde cardiovascular."
"Como lidar com pessoas difíceis?","Mantenha a calma e a objetividade.","Estabeleça limites claros.","Mantenha a calma e estabeleça limites para lidar com pessoas difíceis."
"Como ser mais minimalista?","Desapegue de itens que não usa.","Compre apenas o necessário.","Desapegue do que não usa e compre só o necessário para ser mais minimalista."
"Como aprender a tocar bateria?","Pratique rudimentos básicos.","Desenvolva coordenação entre mãos e pés.","Pratique rudimentos e desenvolva coordenação para aprender bateria."
"Como melhorar minha tomada de risco calculada?","Analise os potenciais ganhos e perdas.","Comece com riscos menores.","Analise ganhos e perdas e comece pequeno para melhorar sua tomada de risco."
"Como ser mais paciente com crianças?","Respire fundo antes de reagir.","Tente entender a perspectiva delas.","Respire fundo e tente entender a perspectiva delas para ser mais paciente."
"Como lidar com o estresse financeiro?","Crie um plano para pagar dívidas.","Busque formas de aumentar a renda.","Crie um plano de dívidas e busque aumentar a renda para lidar com o estresse financeiro."
"Como melhorar minha pronúncia em inglês?","Ouça falantes nativos atentamente.","Grave sua voz e compare.","Ouça nativos e grave sua voz para melhorar sua pronúncia em inglês."
"Como aprender a fazer tricô?","Domine os pontos básicos (meia e tricô).","Comece com peças pequenas e simples.","Domine os pontos básicos e comece com peças simples para aprender tricô."
"Como ser mais espirituoso (engraçado)?","Observe o humor em situações cotidianas.","Pratique contar piadas simples.","Observe o humor cotidiano e pratique contar piadas para ser mais espirituoso."
"Como melhorar minha capacidade de concentração prolongada?","Treine com sessões de foco crescentes.","Elimine todas as interrupções possíveis.","Treine com sessões crescentes e elimine interrupções para melhorar a concentração."
"Como lidar com a mudança de carreira?","Pesquise sobre a nova área.","Desenvolva as habilidades necessárias.","Pesquise a nova área e desenvolva habilidades para lidar com a mudança de carreira."
"Como ser mais generoso?","Doe tempo ou recursos para causas.","Compartilhe o que você tem.","Doe tempo ou recursos e compartilhe o que tem para ser mais generoso."
"Como aprender a velejar?","Faça um curso básico de vela.","Entenda os princípios do vento.","Faça um curso básico e entenda os princípios do vento para aprender a velejar."
"Como melhorar minha relação com a comida?","Coma quando estiver com fome física.","Saboreie cada garfada atentamente.","Coma com fome física e saboreie atentamente para melhorar sua relação com a comida."
"Como ser mais organizado financeiramente?","Use planilhas ou apps de orçamento.","Defina metas financeiras claras.","Use planilhas ou apps e defina metas claras para ser mais organizado financeiramente."
"Como lidar com a sobrecarga de informação?","Seja seletivo com o que consome.","Faça pausas digitais regulares.","Seja seletivo e faça pausas digitais para lidar com a sobrecarga de informação."
"Como melhorar minha escrita criativa?","Experimente diferentes gêneros.","Participe de grupos de escrita.","Experimente gêneros diferentes e participe de grupos para melhorar sua escrita criativa."
"Como aprender a jogar xadrez?","Conheça o movimento de cada peça.","Pratique aberturas básicas.","Conheça os movimentos e pratique aberturas para aprender xadrez."
"Como ser mais autoconfiante?","Reconheça e celebre suas qualidades.","Saia da sua zona de conforto.","Reconheça suas qualidades e saia da zona de conforto para ser mais autoconfiante."
"Como melhorar minha capacidade de dar feedback?","Seja específico e objetivo.","Ofereça sugestões construtivas.","Seja específico e ofereça sugestões construtivas para melhorar seu feedback."
"Como lidar com a perda de um ente querido?","Permita-se viver o luto.","Busque apoio em amigos e familiares.","Permita-se viver o luto e busque apoio para lidar com a perda."
"Como ser mais pontual em compromissos?","Calcule o tempo de deslocamento com folga.","Prepare tudo na noite anterior.","Calcule o tempo com folga e prepare tudo antes para ser mais pontual."
"Como aprender a fazer sushi em casa?","Compre os ingredientes corretos.","Pratique enrolar os makis com calma.","Compre ingredientes corretos e pratique enrolar para fazer sushi em casa."
"Como melhorar minha comunicação não verbal?","Mantenha contato visual adequado.","Use gestos que reforcem sua fala.","Mantenha contato visual e use gestos adequados para melhorar sua comunicação não verbal."
"Como ser mais resiliente no trabalho?","Veja desafios como oportunidades.","Mantenha um equilíbrio saudável entre vida pessoal e profissional.","Veja desafios como oportunidades e mantenha equilíbrio para ser mais resiliente no trabalho."
"Como lidar com a ansiedade social?","Prepare alguns tópicos de conversa.","Foque na outra pessoa, não em si mesmo.","Prepare tópicos e foque no outro para lidar com a ansiedade social."
"Como melhorar minha leitura dinâmica?","Evite subvocalizar (ler em pensamento).","Use um guia visual (dedo ou caneta).","Evite subvocalizar e use um guia visual para melhorar sua leitura dinâmica."
"Como aprender caligrafia artística (lettering)?","Estude diferentes estilos de letras.","Pratique com canetas adequadas.","Estude estilos e pratique com canetas adequadas para aprender lettering."
"Como ser mais positivo no dia a dia?","Comece o dia com uma afirmação positiva.","Limite a exposição a notícias negativas.","Comece com afirmações positivas e limite notícias negativas para ser mais positivo."
"Como melhorar minha memória para nomes?","Repita o nome da pessoa ao ouvi-lo.","Associe o nome a uma característica dela.","Repita o nome e associe a uma característica para melhorar sua memória para nomes."
"Como lidar com a crítica construtiva?","Agradeça pelo feedback recebido.","Analise como pode usar a informação.","Agradeça pelo feedback e analise como usá-lo para lidar com críticas construtivas."
"Como ser mais eficiente nas tarefas domésticas?","Crie uma rotina de limpeza semanal.","Divida tarefas grandes em menores.","Crie uma rotina e divida tarefas para ser mais eficiente nas tarefas domésticas."
"Como aprender a fazer malabarismo?","Comece com lenços leves.","Domine o arremesso de uma bola primeiro.","Comece com lenços e domine uma bola para aprender malabarismo."
"Como melhorar minha capacidade de concentração em leitura?","Escolha um local silencioso e confortável.","Leia por blocos de tempo definidos.","Escolha local silencioso e leia por blocos definidos para melhorar sua concentração."
"Como ser mais compassivo?","Tente entender o sofrimento alheio.","Pratique atos de bondade aleatórios.","Tente entender o sofrimento alheio e pratique atos de bondade para ser mais compassivo."
"Como lidar com o sentimento de inadequação?","Liste suas qualidades e sucessos.","Desafie pensamentos negativos sobre si.","Liste qualidades e desafie pensamentos negativos para lidar com a inadequação."
"Como melhorar minha oratória?","Estruture bem seu discurso.","Use pausas estratégicas para dar ênfase.","Estruture seu discurso e use pausas para melhorar sua oratória."
"Como aprender a identificar estrelas?","Use aplicativos de astronomia.","Comece identificando constelações fáceis.","Use aplicativos e comece com constelações fáceis para aprender a identificar estrelas."
"Como ser mais grato no relacionamento?","Expresse apreciação pelo parceiro(a).","Lembre-se das qualidades dele(a).","Expresse apreciação e lembre-se das qualidades para ser mais grato no relacionamento."
"Como melhorar minha resolução de conflitos?","Ouça todos os lados atentamente.","Busque um consenso ou meio-termo.","Ouça todos os lados e busque consenso para melhorar sua resolução de conflitos."
"Como lidar com a pressão no trabalho?","Priorize tarefas urgentes e importantes.","Peça ajuda quando necessário.","Priorize tarefas e peça ajuda para lidar com a pressão no trabalho."
"Como ser mais criativo na cozinha?","Experimente combinar ingredientes inesperados.","Adapte receitas existentes.","Experimente combinações e adapte receitas para ser mais criativo na cozinha."
"Como aprender a linguagem de sinais (Libras)?","Faça um curso com instrutor qualificado.","Pratique o alfabeto manual diariamente.","Faça um curso e pratique o alfabeto manual para aprender Libras."
"Como melhorar minha postura ao usar o computador?","Ajuste a altura da cadeira e monitor.","Faça pausas para se levantar e alongar.","Ajuste cadeira e monitor e faça pausas para melhorar sua postura."
"Como ser mais assertivo em negociações?","Defina seus limites e objetivos claros.","Comunique suas necessidades com firmeza e respeito.","Defina limites claros e comunique suas necessidades para ser mais assertivo."
"Como lidar com a falta de motivação?","Lembre-se do seu propósito maior.","Comece com a tarefa mais fácil.","Lembre-se do propósito e comece fácil para lidar com a falta de motivação."
"Como melhorar minha capacidade de aprendizado?","Ensine o que aprendeu para alguém.","Faça conexões com conhecimentos prévios.","Ensine o que aprendeu e faça conexões para melhorar sua capacidade de aprendizado."
"Como aprender a fazer origami?","Comece com figuras simples.","Siga diagramas passo a passo cuidadosamente.","Comece com figuras simples e siga diagramas para aprender origami."
"Como ser mais elegante ao se vestir?","Invista em peças clássicas e versáteis.","Preste atenção ao caimento das roupas.","Invista em peças clássicas e preste atenção ao caimento para ser mais elegante."
"Como melhorar minha gestão de e-mails?","Reserve horários específicos para checar.","Use pastas e marcadores para organizar.","Reserve horários e use pastas/marcadores para melhorar sua gestão de e-mails."
"Como lidar com a solidão sendo idoso?","Participe de atividades em grupo para terceira idade.","Mantenha contato regular com família e amigos.","Participe de atividades em grupo e mantenha contato para lidar com a solidão."
"Como ser mais consciente ambientalmente?","Reduza o consumo de plástico.","Economize água e energia.","Reduza o plástico e economize água/energia para ser mais consciente ambientalmente."
"Como aprender a tocar gaita?","Domine a técnica de soprar e aspirar.","Pratique escalas simples.","Domine soprar/aspirar e pratique escalas para aprender gaita."
"Como melhorar minha capacidade de persuasão?","Use histórias e exemplos concretos.","Mostre os benefícios da sua ideia.","Use histórias e mostre benefícios para melhorar sua persuasão."
"Como ser mais equilibrado emocionalmente?","Identifique gatilhos emocionais.","Desenvolva estratégias de enfrentamento saudáveis.","Identifique gatilhos e desenvolva estratégias para ser mais equilibrado."
"Como lidar com o ciúme?","Trabalhe sua autoconfiança.","Comunique seus sentimentos abertamente.","Trabalhe a autoconfiança e comunique sentimentos para lidar com o ciúme."
"Como melhorar minha memória de trabalho?","Evite multitarefas excessivas.","Use técnicas mnemônicas simples.","Evite multitarefas e use mnemônicos para melhorar sua memória de trabalho."
"Como aprender a fazer crochê?","Aprenda os pontos básicos (correntinha, ponto baixo).","Comece com projetos pequenos como porta-copos.","Aprenda pontos básicos e comece pequeno para aprender crochê."
"Como ser mais inspirador para os outros?","Viva de acordo com seus valores.","Compartilhe suas paixões com entusiasmo.","Viva seus valores e compartilhe paixões para ser mais inspirador."
"Como melhorar minha capacidade de negociação salarial?","Pesquise a média salarial para sua função.","Prepare argumentos sobre seu valor para a empresa.","Pesquise a média e prepare argumentos para negociar seu salário."
"Como lidar com a síndrome do impostor?","Reconheça e aceite seus sucessos.","Fale sobre seus sentimentos com alguém de confiança.","Reconheça sucessos e fale sobre sentimentos para lidar com a síndrome do impostor."
"Como ser mais eficiente na limpeza da casa?","Limpe um cômodo por vez.","Use produtos de limpeza adequados.","Limpe um cômodo por vez e use produtos adequados para ser mais eficiente."
"Como aprender a andar de bicicleta (adulto)?","Comece em local plano e sem movimento.","Pratique o equilíbrio sem pedalar primeiro.","Comece em local plano e pratique o equilíbrio para aprender a andar de bicicleta."
"Como melhorar minha capacidade de ouvir ativamente?","Faça perguntas para esclarecer.","Resuma o que o outro disse para confirmar.","Faça perguntas e resuma o que ouviu para melhorar sua escuta ativa."
"Como ser mais grato pelas pequenas coisas?","Mantenha um diário de gratidão.","Observe os detalhes positivos do seu dia.","Mantenha um diário e observe detalhes positivos para ser mais grato."
"Como lidar com a procrastinação crônica?","Entenda as razões por trás da procrastinação.","Busque ajuda profissional se necessário.","Entenda as razões e busque ajuda se necessário para lidar com a procrastinação crônica."
